match_des,id_data_input,id_che300,brand,series
right,4067,1000150,昌河,福瑞达
right,4069,1000152,昌河,福瑞达
right,4068,1000153,昌河,福瑞达
right,4070,1000155,昌河,福瑞达
right,4072,1000156,昌河,福瑞达
right,1142512,1000272,东风小康,东风小康K06
right,1142511,1000274,东风小康,东风小康K06
right,6712,1000466,丰田,柯斯达
right,1127699,1000737,陕汽通家,福家
right,1127701,1000738,陕汽通家,福家
right,1127702,1000739,陕汽通家,福家
right,1127700,1000740,陕汽通家,福家
right,1127703,1000749,陕汽通家,福家
right,1127704,1000750,陕汽通家,福家
right,1127705,1000751,陕汽通家,福家
right,1146019,1000788,九龙,九龙A6
right,1146020,1000789,九龙,九龙A6
right,1146018,1000790,九龙,九龙A6
right,1160130,1000894,中兴,旗舰
right,1151041,1000964,金杯,雷龙
right,1151042,1000965,金杯,雷龙
right,1151043,1000966,金杯,雷龙
right,1151044,1000967,金杯,雷龙
right,1151045,1000968,金杯,雷龙
right,1151046,1000969,金杯,雷龙
right,1150827,1000976,开瑞,优优
right,1150827,1000976,开瑞,开瑞优优
right,1150821,1001243,开瑞,优优
right,1150821,1001243,开瑞,开瑞优优
right,1150824,1001244,开瑞,优优
right,1150824,1001244,开瑞,开瑞优优
right,1150822,1001245,开瑞,优优
right,1150822,1001245,开瑞,开瑞优优
right,1150825,1001246,开瑞,优优
right,1150825,1001246,开瑞,开瑞优优
right,1150823,1001247,开瑞,优优
right,1150823,1001247,开瑞,开瑞优优
right,1150826,1001248,开瑞,优优
right,1150826,1001248,开瑞,开瑞优优
right,1146017,1001452,九龙,九龙A6
right,1151024,1001721,海格,龙威
right,1127678,1002004,陕汽通家,福家
right,1127675,1002005,陕汽通家,福家
right,1127674,1002006,陕汽通家,福家
right,1127673,1002007,陕汽通家,福家
right,1127677,1002008,陕汽通家,福家
right,1127676,1002009,陕汽通家,福家
right,1127687,1002011,陕汽通家,龙锐
right,1127686,1002012,陕汽通家,龙锐
right,1127672,1002429,陕汽通家,福家
right,1127680,1002430,陕汽通家,福家
right,1127679,1002431,陕汽通家,福家
right,1127671,1002432,陕汽通家,福家
right,1127670,1002433,陕汽通家,福家
right,1127685,1002434,陕汽通家,龙锐
right,1127684,1002435,陕汽通家,龙锐
right,1127683,1002442,陕汽通家,龙锐
right,1127682,1002443,陕汽通家,龙锐
right,1156892,1002724,福特,经典全顺
right,1151021,1002726,海格,龙威
right,1151022,1002727,海格,龙威
right,23343,1002870,金杯,阁瑞斯
right,23342,1002872,金杯,阁瑞斯
right,23357,1002878,金杯,阁瑞斯
right,23356,1002879,金杯,阁瑞斯
right,23352,1002885,金杯,阁瑞斯
right,1146021,1002893,海格,海格H6V
right,1151023,1003082,海格,龙威
right,3829,1003161,长安商用,睿行M80
right,1142490,1003253,五菱,五菱荣光小卡
right,1142489,1003253,五菱,五菱荣光小卡
right,23047,1003377,东风风光,风光350
right,1146015,1003795,九龙,九龙A6
right,1146016,1003796,九龙,九龙A6
right,1146014,1003797,九龙,九龙A6
right,1127235,1004008,金杯,金杯海狮
right,30496,1004029,金杯,大海狮
right,30497,1004030,金杯,大海狮
right,1147648,1004862,依维柯,依维柯OUBA
right,1147647,1004863,依维柯,依维柯OUBA
right,1146055,1004864,依维柯,VENICE
right,1146054,1004865,依维柯,VENICE
right,1146053,1004867,依维柯,VENICE
right,1146052,1004868,依维柯,VENICE
right,1142756,1005202,长安商用,睿行M70
right,1142758,1005277,长安商用,睿行M70
right,1142759,1005289,长安商用,睿行M70
right,1142757,1005290,长安商用,睿行M70
right,1156700,1005383,瑞驰新能源,瑞驰新能源EC35
right,1142755,1005450,长安商用,睿行M70
right,1142754,1005451,长安商用,睿行M70
right,1142753,1005452,长安商用,睿行M70
right,1142752,1005453,长安商用,睿行M70
right,1151684,1005460,陆地方舟,威途X35
right,1151685,1005461,陆地方舟,威途X35
right,1151683,1005462,陆地方舟,威途X35
right,1151681,1005463,陆地方舟,威途X35
right,1151682,1005464,陆地方舟,威途X35
right,1160227,1005494,成功,成功V2E
right,1160228,1005495,成功,成功V2E
right,1142915,1005499,卡威,卡威K150GT
right,1142918,1005558,卡威,卡威K150GT
right,1142917,1005559,卡威,卡威K150GT
right,1142920,1005560,卡威,卡威K150GT
right,1142919,1005561,卡威,卡威K150GT
right,1142916,1005562,卡威,卡威K150GT
right,1142912,1005563,卡威,卡威K150GT
right,1142911,1005564,卡威,卡威K150GT
right,1142914,1005565,卡威,卡威K150GT
right,1142913,1005566,卡威,卡威K150GT
right,1142910,1005567,卡威,卡威K150GT
right,1142909,1005568,卡威,卡威K150GT
right,1151934,1005571,鑫源,鑫源X30LEV
right,1142922,1005572,鑫源,鑫源T20EV
right,1142921,1005573,鑫源,鑫源T20EV
right,1156699,1005644,瑞驰新能源,瑞驰新能源EK05
right,1142843,1005820,庆铃,庆铃TAGA
right,1142847,1005821,庆铃,庆铃TAGA
right,1142846,1005822,庆铃,庆铃TAGA
right,1142845,1005823,庆铃,庆铃TAGA
right,1142844,1005825,庆铃,庆铃TAGA
right,1147092,1006008,江淮,江淮V7
right,1147088,1006009,江淮,江淮V7
right,1147093,1006010,江淮,江淮V7
right,1147089,1006011,江淮,江淮V7
right,1147090,1006012,江淮,江淮V7
right,1147086,1006013,江淮,江淮V7
right,1147091,1006014,江淮,江淮V7
right,1147087,1006015,江淮,江淮V7
right,1147096,1006069,依维柯,依维柯OUBA
right,1147097,1006070,依维柯,依维柯OUBA
right,1147098,1006071,依维柯,依维柯OUBA
right,1147103,1006072,依维柯,依维柯OUBA
right,1147101,1006073,依维柯,依维柯OUBA
right,1147102,1006074,依维柯,依维柯OUBA
right,1147099,1006075,依维柯,依维柯OUBA
right,1147100,1006076,依维柯,依维柯OUBA
right,1149093,1006229,北汽制造,勇士皮卡
right,1149094,1006230,北汽制造,勇士皮卡
right,1149098,1006231,北汽制造,勇士皮卡
right,1149099,1006232,北汽制造,勇士皮卡
right,1149090,1006233,北汽制造,勇士皮卡
right,1149100,1006234,北汽制造,勇士皮卡
right,1149101,1006235,北汽制造,勇士皮卡
right,1149095,1006238,北汽制造,勇士皮卡
right,1149096,1006239,北汽制造,勇士皮卡
right,1149091,1006240,北汽制造,勇士皮卡
right,1149092,1006241,北汽制造,勇士皮卡
right,1149102,1006242,北汽制造,勇士皮卡
right,1149097,1006243,北汽制造,勇士皮卡
right,1151937,1006244,鑫源,鑫源X30L
right,1151940,1006245,鑫源,鑫源X30L
right,1151936,1006246,鑫源,鑫源X30L
right,1151939,1006247,鑫源,鑫源X30L
right,1151935,1006248,鑫源,鑫源X30L
right,1151938,1006249,鑫源,鑫源X30L
right,1149074,1006278,五十铃,铃拓
right,1149076,1006279,五十铃,铃拓
right,1149075,1006280,五十铃,铃拓
right,1149073,1006281,五十铃,铃拓
right,1151137,1006297,东风,御风
right,1151136,1006298,东风,御风
right,1151131,1006299,东风,御风
right,1151135,1006300,东风,御风
right,1151130,1006301,东风,御风
right,1151134,1006302,东风,御风
right,1151127,1006303,东风,御风
right,1151129,1006304,东风,御风
right,1152898,100631,日产,蓝鸟
right,1150390,1006380,卡威,卡威K150GT
right,1150391,1006381,卡威,卡威K150GT
right,1150389,1006382,卡威,卡威K150GT
right,1150393,1006383,卡威,卡威K150GT
right,1150394,1006384,卡威,卡威K150GT
right,1150392,1006385,卡威,卡威K150GT
right,1150675,1006465,九龙,九龙A6
right,1150676,1006466,九龙,九龙A6
right,1150674,1006467,九龙,九龙A6
right,1150781,1006470,五十铃,铃拓
right,1150780,1006471,五十铃,铃拓
right,1152922,1006497,五十铃,D-MAX
right,1151096,1006498,北汽威旺,威旺M20
right,1151095,1006499,北汽威旺,威旺M20
right,1151097,1006500,北汽威旺,威旺M20
right,1151098,1006501,北汽威旺,威旺M20
right,1151099,1006502,北汽威旺,威旺M30
right,1151100,1006503,北汽威旺,威旺M30
right,1151094,1006506,昌河,昌河M50
right,1151089,1006507,昌河,昌河M50
right,1151090,1006508,昌河,昌河M50
right,1151085,1006509,昌河,昌河M50
right,1151091,1006510,昌河,昌河M50
right,1151086,1006511,昌河,昌河M50
right,1151092,1006512,昌河,昌河M50
right,1151087,1006513,昌河,昌河M50
right,1151093,1006514,昌河,昌河M50
right,1151088,1006515,昌河,昌河M50
right,1151123,1006516,东风,御风P16
right,1151122,1006517,东风,御风P16
right,1151128,1006518,东风,御风
right,1151133,1006519,东风,御风
right,1151132,1006520,东风,御风
right,1151125,1006521,东风,御风EV
right,1151124,1006522,东风,御风EV
right,1151126,1006523,东风,御风EV
right,1151273,1006535,黄海,黄海N2
right,1151272,1006536,黄海,黄海N2
right,1151271,1006537,黄海,黄海N2
right,1151270,1006538,黄海,黄海N2
right,1151269,1006539,黄海,黄海N2
right,1151268,1006540,黄海,黄海N2
right,1151267,1006541,黄海,黄海N2
right,1151266,1006542,黄海,黄海N2
right,1151265,1006543,黄海,黄海N2
right,1151264,1006544,黄海,黄海N2
right,1151263,1006545,黄海,黄海N2
right,1151262,1006546,黄海,黄海N2
right,1151261,1006547,黄海,黄海N2
right,1151260,1006548,黄海,黄海N2
right,1151259,1006549,黄海,黄海N2
right,1151258,1006550,黄海,黄海N2
right,1151257,1006551,黄海,黄海N2
right,1151256,1006552,黄海,黄海N2
right,1151255,1006553,黄海,黄海N2
right,1151254,1006554,黄海,黄海N2
right,1151253,1006555,黄海,黄海N2
right,1151252,1006556,黄海,黄海N2
right,1151277,1006557,黄海,黄海N1
right,1151276,1006558,黄海,黄海N1
right,1151275,1006559,黄海,黄海N1
right,1151274,1006560,黄海,黄海N1
right,1151931,1006561,鑫源,好运1号
right,1151930,1006562,鑫源,好运1号
right,1151933,1006563,鑫源,鑫源X30LEV
right,1151932,1006564,鑫源,鑫源X30LEV
right,1151309,1006565,鑫源,鑫源T20EV
right,1151308,1006566,鑫源,鑫源T20EV
right,1151324,1006567,江铃,骐铃T100
right,1151328,1006568,江铃,骐铃T100
right,1151322,1006569,江铃,骐铃T100
right,1151326,1006570,江铃,骐铃T100
right,1151323,1006571,江铃,骐铃T100
right,1151327,1006572,江铃,骐铃T100
right,1151321,1006573,江铃,骐铃T100
right,1151325,1006574,江铃,骐铃T100
right,1151319,1006575,江铃,骐铃T5
right,1151320,1006576,江铃,骐铃T5
right,1151336,1006577,猎豹,猎豹CT7
right,1151335,1006578,猎豹,猎豹CT7
right,1151288,1006598,五菱,五菱荣光新卡
right,1151286,1006599,五菱,五菱荣光新卡
right,1151287,1006600,五菱,五菱荣光新卡
right,1151285,1006601,五菱,五菱荣光新卡
right,1152921,1006603,五十铃,D-MAX
right,1153864,1006605,卡威,卡威K1
right,1153863,1006606,卡威,卡威K1
right,1153866,1006607,卡威,卡威K1
right,1153865,1006608,卡威,卡威K1
right,1153868,1006609,卡威,卡威K1
right,1153867,1006610,卡威,卡威K1
right,1156746,1006611,江淮,星锐
right,1155612,1006636,福迪,雄师F22
right,1155611,1006637,福迪,雄师F22
right,1155696,1006656,昌河,福瑞达K21
right,1155695,1006657,昌河,福瑞达K21
right,1155694,1006658,昌河,福瑞达K21
right,1155693,1006659,昌河,福瑞达K22
right,1155692,1006660,昌河,福瑞达K22
right,1155691,1006661,昌河,福瑞达K22
right,1157013,1006662,江淮,帅铃T8
right,1157014,1006663,江淮,帅铃T8
right,1157019,1006664,江淮,帅铃T8
right,1157020,1006665,江淮,帅铃T8
right,1157015,1006666,江淮,帅铃T8
right,1157016,1006667,江淮,帅铃T8
right,1157017,1006668,江淮,帅铃T8
right,1157018,1006669,江淮,帅铃T8
right,1156687,1006671,威麟,威麟H5
right,1156688,1006673,威麟,威麟H5
right,1156686,1006678,威麟,威麟H5
right,1156689,1006679,威麟,威麟H5
right,1156847,1006680,五菱,五菱宏光
right,1156848,1006681,五菱,五菱宏光
right,1156871,1006685,五十铃,铃拓
right,1156870,1006686,五十铃,铃拓
right,1156869,1006687,五十铃,铃拓
right,1156868,1006688,五十铃,铃拓
right,1156944,1006695,江铃,骐铃T100
right,1156945,1006696,江铃,骐铃T100
right,1156947,1006697,江铃,骐铃T100
right,1156946,1006698,江铃,骐铃T100
right,1156943,1006699,江铃,骐铃T100
right,1156942,1006700,江铃,骐铃T100
right,1157825,1006705,五菱,五菱宏光
right,1157023,1006706,江淮,帅铃T8
right,1157024,1006707,江淮,帅铃T8
right,1157021,1006708,江淮,帅铃T8
right,1157022,1006709,江淮,帅铃T8
right,1157011,1006710,江淮,帅铃T8
right,1157012,1006711,江淮,帅铃T8
right,1157009,1006712,江淮,帅铃T8
right,1157010,1006713,江淮,帅铃T8
right,1157088,1006714,五菱,五菱荣光V
right,1157090,1006715,五菱,五菱荣光V
right,1157087,1006716,五菱,五菱荣光V
right,1157089,1006717,五菱,五菱荣光V
right,1157086,1006718,五菱,五菱之光V
right,1157085,1006719,五菱,五菱之光V
right,1157110,1006720,五十铃,瑞迈
right,1157112,1006721,五十铃,瑞迈
right,1157109,1006722,五十铃,瑞迈
right,1157111,1006723,五十铃,瑞迈
right,1157108,1006724,五十铃,瑞迈
right,1156849,1006725,五菱,五菱宏光
right,1157826,1006725,五菱,五菱宏光
right,1160015,1006778,江铃,域虎3
right,1160017,1006779,江铃,域虎3
right,1160014,1006780,江铃,域虎3
right,1160016,1006781,江铃,域虎3
right,1160011,1006782,江铃,域虎3
right,1160013,1006783,江铃,域虎3
right,1160010,1006784,江铃,域虎3
right,1160012,1006785,江铃,域虎3
right,1160007,1006786,江铃,域虎3
right,1160009,1006787,江铃,域虎3
right,1160006,1006788,江铃,域虎3
right,1160008,1006789,江铃,域虎3
right,1160003,1006790,江铃,域虎3
right,1160005,1006791,江铃,域虎3
right,1160002,1006792,江铃,域虎3
right,1160004,1006793,江铃,域虎3
right,1157854,1006794,江铃,域虎5
right,1157858,1006795,江铃,域虎5
right,1157853,1006796,江铃,域虎5
right,1157857,1006797,江铃,域虎5
right,1157852,1006798,江铃,域虎5
right,1157856,1006799,江铃,域虎5
right,1157851,1006800,江铃,域虎5
right,1157855,1006801,江铃,域虎5
right,1159929,1006802,福田,萨普
right,1159930,1006803,福田,萨普
right,1159927,1006804,福田,萨普
right,1159928,1006805,福田,萨普
right,1159925,1006806,福田,萨普
right,1159926,1006807,福田,萨普
right,1159923,1006808,福田,萨普
right,1159924,1006809,福田,萨普
right,1159911,1006814,中兴,领主
right,1159912,1006815,中兴,领主
right,1159909,1006816,中兴,领主
right,1159910,1006817,中兴,领主
right,1159992,1006825,东风风光,风光330
right,1159991,1006826,东风风光,风光330
right,1159995,1006827,东风风光,风光330
right,1159994,1006828,东风风光,风光330
right,1159993,1006829,东风风光,风光330
right,1159990,1006830,东风风光,风光330
right,1160192,1006838,东风小康,东风小康C31
right,1160190,1006839,东风小康,东风小康C31
right,1160191,1006840,东风小康,东风小康C31
right,1160189,1006841,东风小康,东风小康C31
right,1160196,1006842,东风小康,东风小康C32
right,1160194,1006843,东风小康,东风小康C32
right,1160195,1006844,东风小康,东风小康C32
right,1160193,1006845,东风小康,东风小康C32
right,1160188,1006846,东风小康,东风小康C36
right,1160187,1006847,东风小康,东风小康C37
right,1160185,1006848,东风小康,东风小康K05S
right,1160184,1006849,东风小康,东风小康K05S
right,1160186,1006850,东风小康,东风小康K05S
right,1160183,1006851,东风小康,东风小康K07S
right,1160181,1006852,东风小康,东风小康K07S
right,1160180,1006853,东风小康,东风小康K07S
right,1160182,1006854,东风小康,东风小康K07S
right,1160248,1006874,东风小康,东风小康K01
right,1160250,1006875,东风小康,东风小康K01
right,1160251,1006876,东风小康,东风小康K01
right,1160247,1006877,东风小康,东风小康K01
right,1160249,1006878,东风小康,东风小康K01
right,1160252,1006879,东风小康,东风小康K02
right,1160253,1006880,东风小康,东风小康K02
right,1160254,1006881,东风小康,东风小康K02
right,4604,101011,大众,捷达
right,32790,101088,宝马,宝马X5
right,32791,101088,宝马,宝马X5
right,32792,101088,宝马,宝马X5
right,1156681,101456,丰田,兰德酷路泽
right,1151025,10328,大众,高尔夫
right,746,1136,本田,飞度
right,301,12102,奥迪,奥迪A8
right,1160055,13187,东风风行,菱智
right,1160054,13188,东风风行,菱智
right,11839,1323,克莱斯勒,克莱斯勒300C
right,11840,1323,克莱斯勒,克莱斯勒300C
right,6016,1458,福特,蒙迪欧
right,1151182,14731,野马,野马F10
right,1151183,14732,野马,野马F10
right,4666,1518,大众,宝来
right,4667,1520,大众,宝来
right,1157786,15611,现代,索纳塔八
right,1157787,15612,现代,索纳塔八
right,1157788,15613,现代,索纳塔八
right,1157789,15614,现代,索纳塔八
right,1156717,16335,摩根,摩根4-4
right,4273,1666,大众,帕萨特
right,1151145,17948,陆风,陆风X8
right,1151147,17949,陆风,陆风X8
right,1151146,17950,陆风,陆风X8
right,1151148,17951,陆风,陆风X8
right,19496,1840,起亚,赛拉图
right,19497,1841,起亚,赛拉图
right,1160237,18765,陆地方舟,艾威
right,1160245,18768,陆地方舟,陆地方舟风尚
right,1160236,18769,陆地方舟,艾威
right,1160244,18771,陆地方舟,陆地方舟V5
right,1160243,18772,陆地方舟,陆地方舟V5
right,6428,1908,丰田,威驰
right,840,1959,别克,凯越
right,6015,2067,福特,蒙迪欧
right,1133278,21177,江铃集团新能源,江铃E100
right,1157925,22146,雪铁龙,雪铁龙C4L
right,1142642,22514,大通,大通EG10
right,30824,22581,哈弗,哈弗H7
right,1151185,2268,大众,途安
right,1152886,24687,乔治巴顿,战剑
right,2779,2469,保时捷,CAYMAN
right,1146022,25346,众泰,江南T11
right,14984,2606,日产,轩逸
right,30825,26118,哈弗,哈弗H7
right,1142643,26245,大通,大通EG10
right,30826,26257,哈弗,哈弗H7
right,1145978,26714,之诺,之诺60H
right,1151143,2700,陆风,陆风X6
right,1151144,2702,陆风,陆风X6
right,1142828,27167,广汽传祺,传祺GM8
right,1151040,274,雷诺,风景
right,1126307,27574,宝马,宝马7系新能源
right,1150841,27666,保时捷,保时捷PANAMERA新能源
right,6131,279,福特,嘉年华
right,6133,280,福特,嘉年华
right,1150829,29404,北汽幻速,幻速H5
right,1147188,29569,保时捷,保时捷PANAMERA新能源
right,1147189,29571,保时捷,保时捷PANAMERA新能源
right,1146246,29648,保时捷,保时捷911
right,1146246,29648,保时捷,911
right,1142582,29959,讴歌,讴歌TLX-L
right,1149694,30138,宝沃,宝沃BXI7
right,1142596,30270,猎豹,猎豹CS9新能源
right,1133623,30289,现代,索纳塔九
right,1156713,30399,卡升,卡升T6
right,1156705,30410,卡升,卡升C10
right,1142674,30430,卡升,卡升威霆
right,1146325,30461,斯柯达,柯珞克
right,1142575,30630,捷豹,捷豹XEL
right,1151000,30788,保时捷,保时捷911
right,1151000,30788,保时捷,911
right,1146248,30801,保时捷,保时捷911
right,1146248,30801,保时捷,911
right,1142641,30882,大通,大通EG10
right,1150538,30885,开瑞,开瑞K50EV
right,1149231,31069,宝马,宝马7系新能源
right,1149232,31070,宝马,宝马7系新能源
right,1142842,31084,陆风,逍遥
right,1146038,31244,北汽道达,道达V8
right,1146039,31245,北汽道达,道达V8
right,1146040,31246,北汽道达,道达V8
right,1149692,31302,宝沃,宝沃BX6
right,1146049,31341,ARCFOX,LITE
right,1150992,31382,法拉利,PORTOFINO
right,1133626,31466,现代,索纳塔九
right,1133625,31467,现代,索纳塔九
right,1133624,31468,现代,索纳塔九
right,1146056,31521,奥迪,奥迪A6L新能源
right,1146023,31707,蔚来,蔚来ES8
right,1146048,31800,ARCFOX,LITE
right,1146050,31801,ARCFOX,LITE
right,1146051,31802,ARCFOX,LITE
right,1146358,31807,荣威,荣威EI5
right,1146044,31823,国金,国金GM3
right,1142621,31876,领克,领克01
right,1142618,31889,领克,领克01
right,1142619,31890,领克,领克01
right,1146261,31933,众泰,众泰T500
right,1147187,31952,保时捷,保时捷PANAMERA新能源
right,1142908,32052,裕路,裕路EV2
right,1142907,32053,裕路,裕路EV2
right,1150566,32239,保时捷,保时捷718
right,1150566,32239,保时捷,718
right,1150567,32240,保时捷,保时捷718
right,1150567,32240,保时捷,718
right,1155688,32246,奔腾,奔腾B30EV
right,1146081,32253,长安轿车,奔奔EV
right,1146272,32257,宝骏,宝骏530
right,1146262,32302,众泰,众泰T500
right,1146263,32303,众泰,众泰T500
right,1146264,32304,众泰,众泰T500
right,1146265,32305,众泰,众泰T500
right,1146266,32306,众泰,众泰T500
right,1149268,32321,宝马,宝马5系新能源
right,1143826,32376,长安商用,睿行S50T
right,1143827,32377,长安商用,睿行S50T
right,1143828,32378,长安商用,睿行S50T
right,1148944,32573,克莱斯勒,大捷龙PHEV
right,1142581,32611,捷豹,捷豹XEL
right,1142580,32612,捷豹,捷豹XEL
right,1142578,32613,捷豹,捷豹XEL
right,1142577,32614,捷豹,捷豹XEL
right,1142576,32615,捷豹,捷豹XEL
right,1149705,32624,宝骏,宝骏360
right,1147083,32657,雷克萨斯,雷克萨斯LC
right,1147084,32658,雷克萨斯,雷克萨斯LC
right,1147085,32660,雷克萨斯,雷克萨斯LC
right,1142586,32677,讴歌,讴歌TLX-L
right,1142585,32678,讴歌,讴歌TLX-L
right,1142584,32679,讴歌,讴歌TLX-L
right,1142583,32680,讴歌,讴歌TLX-L
right,1147115,32706,哈弗,哈弗H4
right,1147116,32707,哈弗,哈弗H4
right,1142588,32714,沃尔沃,沃尔沃XC60新能源
right,1142587,32715,沃尔沃,沃尔沃XC60新能源
right,1147095,32775,路虎,揽胜新能源
right,1142831,32781,广汽传祺,传祺GM8
right,1142834,32807,陆风,逍遥
right,1151227,32843,领克,领克02
right,1142616,32856,领克,领克01
right,1147681,32859,江淮,瑞风R3
right,1147156,32863,奇瑞,瑞虎3XE
right,1146045,32871,国金,国金GM3
right,1146046,32872,国金,国金GM3
right,1146047,32873,国金,国金GM3
right,1149340,32878,江淮,江淮IEVA50
right,1155701,32914,猎豹,猎豹C5EV
right,1155702,32915,猎豹,猎豹C5EV
right,1145826,32916,广汽传祺,传祺GA4
right,1149233,32921,沃尔沃,沃尔沃S60L新能源
right,1149472,32921,沃尔沃,沃尔沃S60L新能源
right,1147151,32932,东南,东南DX3新能源
right,1142579,32943,捷豹,捷豹XEL
right,1142617,32957,领克,领克01
right,1142620,32958,领克,领克01
right,1150993,33008,兰博基尼,URUS
right,1151121,33015,丰田,丰田C-HR
right,1151111,33016,丰田,奕泽IZOA
right,1150997,33041,威马汽车,威马EX5
right,1146031,33042,君马汽车,君马S70
right,1146032,33043,君马汽车,君马S70
right,1146033,33044,君马汽车,君马S70
right,1146034,33045,君马汽车,君马S70
right,1146035,33046,君马汽车,君马S70
right,1150908,33056,猎豹,猎豹CS9新能源
right,1142597,33057,猎豹,猎豹CS9新能源
right,1146025,33073,君马汽车,君马S70
right,1146026,33074,君马汽车,君马S70
right,1146027,33075,君马汽车,君马S70
right,1146028,33076,君马汽车,君马S70
right,1146029,33077,君马汽车,君马S70
right,1146030,33078,君马汽车,君马S70
right,1146037,33079,君马汽车,君马S70
right,1156664,33080,现代,索纳塔新能源
right,1146036,33081,君马汽车,君马S70
right,1151204,33086,比亚迪,唐新能源
right,1146024,33093,蔚来,蔚来ES8
right,1142835,33101,陆风,逍遥
right,1142836,33102,陆风,逍遥
right,1142837,33103,陆风,逍遥
right,1142838,33104,陆风,逍遥
right,1142839,33105,陆风,逍遥
right,1142840,33106,陆风,逍遥
right,1142841,33107,陆风,逍遥
right,1153876,33129,英致,英致EX1
right,1142830,33165,广汽传祺,传祺GM8
right,1155687,33173,奔腾,奔腾B30EV
right,1142829,33175,广汽传祺,传祺GM8
right,1156679,33268,奔驰,奔驰G
right,1156923,33283,捷豹,捷豹E-PACE
right,1149314,33284,荣威,荣威RX8
right,1142946,33286,力帆,力帆330EV
right,1142947,33287,力帆,力帆330EV
right,1146270,33297,宝骏,宝骏530
right,1146267,33366,宝骏,宝骏530
right,1146268,33367,宝骏,宝骏530
right,1146269,33368,宝骏,宝骏530
right,1146271,33370,宝骏,宝骏530
right,1148966,33371,JEEP,大指挥官
right,1155674,33372,大众,T-ROC探歌
right,1145820,33386,广汽传祺,传祺GA4
right,1145821,33387,广汽传祺,传祺GA4
right,1145822,33388,广汽传祺,传祺GA4
right,1145823,33389,广汽传祺,传祺GA4
right,1145824,33390,广汽传祺,传祺GA4
right,1145825,33391,广汽传祺,传祺GA4
right,1145827,33392,广汽传祺,传祺GA4
right,1157147,33394,欧拉,欧拉IQ
right,1150629,33408,猎豹,MATTU
right,1146244,33420,东风风行,风行CM7
right,1147121,33446,大众,高尔夫新能源
right,1146273,33489,宝骏,宝骏530
right,1146274,33490,宝骏,宝骏530
right,1146979,33492,一汽,骏派A50
right,1146978,33493,一汽,骏派A50
right,1146980,33494,一汽,骏派A50
right,1146981,33495,一汽,骏派A50
right,1146982,33496,一汽,骏派A50
right,1146983,33497,一汽,骏派A50
right,1149617,33498,昌河,昌河北斗星
right,1146087,33501,一汽,森雅R7
right,1151212,33502,斯柯达,柯米克
right,1148648,33503,日产,途达
right,1150661,33506,比亚迪,元新能源
right,1149331,33508,奇瑞,瑞虎8
right,1156995,33558,吉利,缤瑞
right,1146322,33561,斯柯达,柯珞克
right,1146323,33562,斯柯达,柯珞克
right,1146324,33563,斯柯达,柯珞克
right,1160309,33573,奔驰,迈巴赫S级
right,1151053,33587,法拉利,法拉利488
right,1146247,33588,保时捷,保时捷911
right,1146247,33588,保时捷,911
right,1146082,33607,长安轿车,奔奔EV
right,1146083,33608,长安轿车,奔奔EV
right,1147104,33612,昌河,昌河A6
right,1147105,33613,昌河,昌河A6
right,1147106,33614,昌河,昌河A6
right,1147107,33615,昌河,昌河A6
right,1147108,33616,昌河,昌河A6
right,1147109,33617,昌河,昌河A6
right,1149333,33680,捷豹,捷豹I-PACE
right,1149334,33681,捷豹,捷豹I-PACE
right,1149335,33682,捷豹,捷豹I-PACE
right,1149336,33684,捷豹,捷豹I-PACE
right,1146183,33688,一汽,森雅R7
right,1146181,33705,一汽,森雅R7
right,1146182,33706,一汽,森雅R7
right,1146184,33707,一汽,森雅R7
right,1146185,33709,一汽,森雅R7
right,1146186,33710,一汽,森雅R7
right,1146187,33711,一汽,森雅R7
right,1150696,33779,MINI,MINI
right,1146260,33808,众泰,众泰T500
right,1149630,33855,众泰,众泰T800
right,1149631,33856,众泰,众泰T800
right,1147157,33857,奇瑞,瑞虎3XE
right,1147316,33898,昌河,昌河Q7
right,1147317,33899,昌河,昌河Q7
right,1147318,33907,昌河,昌河Q7
right,1147311,33908,昌河,昌河Q7
right,1147312,33909,昌河,昌河Q7
right,1147313,33910,昌河,昌河Q7
right,1147314,33911,昌河,昌河Q7
right,1149226,33927,路虎,发现
right,1147310,33928,昌河,昌河Q7
right,1147315,33929,昌河,昌河Q7
right,1147319,33930,昌河,昌河Q7
right,1146357,33940,荣威,荣威EI5
right,1149227,33946,路虎,发现
right,1147678,33958,江淮,瑞风R3
right,1147679,33959,江淮,瑞风R3
right,1147680,33960,江淮,瑞风R3
right,1149311,33978,荣威,荣威RX8
right,1149224,33998,路虎,发现
right,1147150,34008,东南,东南DX3新能源
right,1147114,34009,哈弗,哈弗H4
right,1147113,34010,哈弗,哈弗H4
right,1147490,34023,国金,国金GM3
right,1147491,34024,国金,国金GM3
right,1147492,34025,国金,国金GM3
right,1147478,34064,奇瑞,瑞虎3XE
right,1160037,34065,奇瑞,瑞虎3XE
right,1160038,34066,奇瑞,瑞虎3XE
right,1160039,34067,奇瑞,瑞虎3XE
right,1157134,34074,玛莎拉蒂,玛莎拉蒂LEVANTE
right,1150731,34095,吉利,博瑞GE新能源
right,1150828,34108,北汽幻速,幻速H5
right,1149228,34109,路虎,发现
right,1149225,34110,路虎,发现
right,1150519,34123,众泰,众泰T300新能源
right,1148646,34141,日产,途达
right,1148643,34171,日产,途达
right,1148644,34172,日产,途达
right,1148645,34173,日产,途达
right,1148647,34174,日产,途达
right,1149427,34175,福田乘用车,伽途GT
right,1149428,34176,福田乘用车,伽途GT
right,1149429,34177,福田乘用车,伽途GT
right,1149430,34178,福田乘用车,伽途GT
right,1150728,34192,吉利,博瑞GE
right,1147693,34233,现代,ENCINO
right,1147694,34234,现代,ENCINO
right,1147695,34235,现代,ENCINO
right,1147696,34236,现代,ENCINO
right,1148886,34246,江淮,瑞风R3
right,1148887,34247,江淮,瑞风R3
right,1148888,34248,江淮,瑞风R3
right,1148889,34249,江淮,瑞风R3
right,1149321,34259,奇瑞,瑞虎8
right,1149322,34260,奇瑞,瑞虎8
right,1149323,34261,奇瑞,瑞虎8
right,1149318,34262,奇瑞,瑞虎8
right,1149319,34263,奇瑞,瑞虎8
right,1149320,34264,奇瑞,瑞虎8
right,1149398,34266,江铃集团新能源,江铃E400
right,1149399,34267,江铃集团新能源,江铃E400
right,1149397,34268,江铃集团新能源,江铃E400
right,1148664,34276,奔驰,奔驰GLE
right,1148665,34277,奔驰,奔驰GLE
right,1148666,34279,奔驰,奔驰GLE
right,1153861,34300,海马,海马S5
right,1148896,34304,君马汽车,君马S70
right,1148897,34305,君马汽车,君马S70
right,1148898,34306,君马汽车,君马S70
right,1148899,34307,君马汽车,君马S70
right,1148900,34308,君马汽车,君马S70
right,1148901,34309,君马汽车,君马S70
right,1148902,34310,君马汽车,君马S70
right,1148903,34311,君马汽车,君马S70
right,1148904,34312,君马汽车,君马S70
right,1148905,34313,君马汽车,君马S70
right,1148906,34314,君马汽车,君马S70
right,1148907,34315,君马汽车,君马S70
right,1148908,34316,君马汽车,君马S70
right,1150886,34342,力帆,力帆650EV
right,1150614,34355,海马,福美来F5
right,1148965,34363,JEEP,大指挥官
right,1148959,34364,JEEP,大指挥官
right,1148960,34365,JEEP,大指挥官
right,1148961,34366,JEEP,大指挥官
right,1148962,34367,JEEP,大指挥官
right,1148963,34368,JEEP,大指挥官
right,1148964,34369,JEEP,大指挥官
right,1155639,34371,雷克萨斯,雷克萨斯ES
right,1148971,34372,众泰,芝麻
right,1148972,34373,众泰,芝麻
right,1151213,34385,福特,RANGER
right,1150995,34396,威马汽车,威马EX5
right,1150996,34397,威马汽车,威马EX5
right,1150998,34398,威马汽车,威马EX5
right,1150999,34399,威马汽车,威马EX5
right,1160166,34414,哈弗,哈弗F5
right,1151110,34422,丰田,奕泽IZOA
right,1150490,34429,一汽,骏派CX65
right,1151196,34435,比亚迪,唐
right,1149703,34446,宝骏,宝骏360
right,1151184,34451,福特,途睿欧
right,1149308,34453,荣威,荣威RX8
right,1149309,34454,荣威,荣威RX8
right,1149310,34455,荣威,荣威RX8
right,1149312,34456,荣威,荣威RX8
right,1149313,34457,荣威,荣威RX8
right,1149315,34459,荣威,荣威RX8
right,1149324,34460,奇瑞,瑞虎8
right,1149325,34461,奇瑞,瑞虎8
right,1149326,34462,奇瑞,瑞虎8
right,1149327,34463,奇瑞,瑞虎8
right,1149328,34464,奇瑞,瑞虎8
right,1149329,34465,奇瑞,瑞虎8
right,1149330,34466,奇瑞,瑞虎8
right,1149332,34467,奇瑞,瑞虎8
right,1149338,34480,江淮,江淮IEVA50
right,1149339,34481,江淮,江淮IEVA50
right,1151209,34491,斯柯达,柯米克
right,1157040,34497,雪佛兰,科鲁兹
right,1156846,34499,起亚,奕跑
right,1159996,34507,宝马,宝马M2
right,1157067,34511,现代,逸行
right,1157069,34516,起亚,起亚K5新能源
right,1149316,34521,华泰新能源,路盛S1
right,1149317,34522,华泰新能源,路盛S1
right,1156969,34532,本田,雅阁
right,1160310,34539,奔驰,迈巴赫S级
right,1155646,34540,领克,领克01新能源
right,1157841,34541,奔驰,奔驰V
right,1157126,34550,北汽新能源,EC系列
right,1151337,34557,奔驰,奔驰S
right,1149405,34601,东风风行,风行CM7
right,1149406,34602,东风风行,风行CM7
right,1149407,34603,东风风行,风行CM7
right,1150488,34606,一汽,骏派CX65
right,1149627,34626,众泰,众泰T800
right,1149628,34627,众泰,众泰T800
right,1149629,34628,众泰,众泰T800
right,1149632,34629,众泰,众泰T800
right,1149633,34630,众泰,众泰T800
right,1149634,34631,众泰,众泰T800
right,1149635,34632,众泰,众泰T800
right,1149636,34633,众泰,众泰T800
right,1151223,34643,领克,领克02
right,1149616,34644,昌河,昌河北斗星
right,1149618,34645,昌河,昌河北斗星
right,1151060,34646,奥迪,奥迪Q5L
right,1149691,34647,宝沃,宝沃BX6
right,1149693,34648,宝沃,宝沃BXI7
right,1150487,34650,一汽,骏派CX65
right,1150489,34651,一汽,骏派CX65
right,1151140,34665,别克,凯越
right,1149704,34672,宝骏,宝骏360
right,1149706,34673,宝骏,宝骏360
right,1149707,34674,宝骏,宝骏360
right,1150517,34681,众泰,众泰T300新能源
right,1150518,34682,众泰,众泰T300新能源
right,1150610,34699,海马,福美来F5
right,1150611,34700,海马,福美来F5
right,1150612,34701,海马,福美来F5
right,1150613,34702,海马,福美来F5
right,1156941,34709,凯迪拉克,凯迪拉克XT4
right,1156721,34726,东风,俊风ER30
right,1152888,34727,乔治巴顿,战车
right,1152887,34728,乔治巴顿,战车
right,1151200,34734,江淮,江淮IEV6E
right,1151296,34746,大众,宝来
right,1151221,34747,领克,领克02
right,1151222,34749,领克,领克02
right,1151224,34750,领克,领克02
right,1151225,34751,领克,领克02
right,1150562,34758,保时捷,保时捷718
right,1150562,34758,保时捷,718
right,1150564,34759,保时捷,保时捷718
right,1150564,34759,保时捷,718
right,1150563,34760,保时捷,保时捷718
right,1150563,34760,保时捷,718
right,1150565,34761,保时捷,保时捷718
right,1150565,34761,保时捷,718
right,1150624,34776,猎豹,MATTU
right,1150625,34777,猎豹,MATTU
right,1150626,34778,猎豹,MATTU
right,1150627,34779,猎豹,MATTU
right,1150628,34780,猎豹,MATTU
right,1150630,34781,猎豹,MATTU
right,1150631,34789,领克,领克01
right,1151211,34793,斯柯达,柯米克
right,1151210,34794,斯柯达,柯米克
right,1156691,34824,路虎,揽胜
right,1150660,34825,比亚迪,元新能源
right,1150659,34826,比亚迪,元新能源
right,1150658,34827,比亚迪,元新能源
right,1150724,34828,吉利,博瑞GE
right,1150725,34829,吉利,博瑞GE
right,1150726,34830,吉利,博瑞GE
right,1150727,34831,吉利,博瑞GE
right,1150729,34832,吉利,博瑞GE新能源
right,1150730,34833,吉利,博瑞GE新能源
right,1150755,34834,东风风行,风行CM7
right,1151056,34851,奥迪,奥迪Q5L
right,1151055,34853,奥迪,奥迪Q5L
right,1151057,34854,奥迪,奥迪Q5L
right,1151058,34855,奥迪,奥迪Q5L
right,1151059,34856,奥迪,奥迪Q5L
right,1149489,34874,沃尔沃,沃尔沃XC60新能源
right,1149490,34875,沃尔沃,沃尔沃XC60新能源
right,1150885,34876,力帆,力帆650EV
right,1151199,34877,江淮,江淮IEV6E
right,1151198,34878,江淮,江淮IEV6E
right,1151197,34879,江淮,江淮IEV6E
right,1150906,34895,沃尔沃,沃尔沃S90新能源
right,1150907,34896,沃尔沃,沃尔沃S90新能源
right,1151235,34902,沃尔沃,沃尔沃S90新能源
right,1152918,34922,五十铃,五十铃MU-X
right,1151028,34938,吉利,博越
right,1151027,34949,吉利,博越
right,1155633,34958,雷克萨斯,雷克萨斯ES
right,1155634,34959,雷克萨斯,雷克萨斯ES
right,1155638,34960,雷克萨斯,雷克萨斯ES
right,1155640,34961,雷克萨斯,雷克萨斯ES
right,1155635,34962,雷克萨斯,雷克萨斯ES
right,1155636,34963,雷克萨斯,雷克萨斯ES
right,1155637,34964,雷克萨斯,雷克萨斯ES
right,1151112,34986,丰田,丰田C-HR
right,1151114,34987,丰田,丰田C-HR
right,1151118,34988,丰田,丰田C-HR
right,1151293,34989,大众,宝来
right,1151292,34990,大众,宝来
right,1151289,34991,大众,宝来
right,1151109,34992,丰田,奕泽IZOA
right,1151062,34993,昌河,昌河Q35
right,1151063,34994,昌河,昌河Q35
right,1151064,34995,昌河,昌河Q35
right,1151065,34996,昌河,昌河Q35
right,1151084,34997,本田,锋范
right,1151066,34998,昌河,昌河Q35
right,1151067,34999,昌河,昌河Q35
right,1151068,35000,昌河,昌河Q35
right,1151295,35001,大众,宝来
right,1151171,35002,宝马,宝马X2
right,1151080,35003,本田,锋范
right,1151081,35004,本田,锋范
right,1151083,35005,本田,锋范
right,1151082,35006,本田,锋范
right,1157056,35011,雪佛兰,探界者
right,1151142,35015,凯翼,凯翼E3
right,1151141,35016,凯翼,凯翼E3
right,1151139,35017,别克,凯越
right,1151138,35018,别克,凯越
right,1151117,35024,丰田,丰田C-HR
right,1151116,35025,丰田,丰田C-HR
right,1151119,35026,丰田,丰田C-HR
right,1151120,35027,丰田,丰田C-HR
right,1151113,35028,丰田,丰田C-HR
right,1151115,35029,丰田,丰田C-HR
right,1151218,35030,阿斯顿马丁,阿斯顿马丁DBS
right,1151177,35031,宝骏,宝骏E100
right,1151178,35032,宝骏,宝骏E100
right,1151300,35033,红星汽车,闪闪X2
right,1155672,35044,大众,T-ROC探歌
right,1151164,35047,宝马,宝马X2
right,1151168,35048,宝马,宝马X2
right,1151173,35049,宝马,宝马X2
right,1151159,35050,宝马,宝马X2
right,1151201,35060,比亚迪,唐新能源
right,1151202,35061,比亚迪,唐新能源
right,1151203,35062,比亚迪,唐新能源
right,1151205,35063,比亚迪,唐新能源
right,1151192,35064,比亚迪,唐
right,1151193,35065,比亚迪,唐
right,1151194,35066,比亚迪,唐
right,1151195,35067,比亚迪,唐
right,1151214,35069,陆风,逍遥
right,1151215,35070,陆风,逍遥
right,1151216,35071,陆风,逍遥
right,1151217,35072,陆风,逍遥
right,1155613,35075,奇瑞,奇瑞EQ1
right,1152906,35076,奇瑞,奇瑞EQ1
right,1152907,35077,奇瑞,奇瑞EQ1
right,1152908,35078,奇瑞,奇瑞EQ1
right,1151236,35081,英菲尼迪,英菲尼迪QX30
right,1151237,35082,英菲尼迪,英菲尼迪QX30
right,1151238,35083,英菲尼迪,英菲尼迪QX30
right,1151228,35084,现代,领动
right,1155644,35086,领克,领克01新能源
right,1151220,35087,领克,领克02
right,1151226,35088,领克,领克02
right,1151290,35096,大众,宝来
right,1151291,35097,大众,宝来
right,1151294,35098,大众,宝来
right,1151297,35102,红星汽车,闪闪X2
right,1151298,35103,红星汽车,闪闪X2
right,1151299,35104,红星汽车,闪闪X2
right,1151280,35105,三菱,帕杰罗
right,1151281,35106,三菱,帕杰罗
right,1151282,35107,三菱,帕杰罗
right,1151283,35108,三菱,帕杰罗
right,1151278,35109,本田,本田CR-V
right,1151279,35110,本田,本田CR-V
right,1151311,35113,江淮,瑞风M3
right,1151310,35114,江淮,瑞风M3
right,1151307,35116,现代,领动
right,1151313,35118,宝马,宝马X3
right,1151314,35119,宝马,宝马X3
right,1155711,35120,奔驰,奔驰CLS
right,1155712,35121,奔驰,奔驰CLS
right,1151329,35122,奔驰,奔驰V
right,1151330,35123,奔驰,奔驰V
right,1151331,35124,奔驰,奔驰V
right,1151339,35129,北汽新能源,EU系列
right,1151338,35130,众泰,众泰E200
right,1160129,35131,雪佛兰,沃兰多
right,1152904,35134,本田,奥德赛
right,1151964,35135,海马,海马M8
right,1155621,35145,JEEP,牧马人
right,1155622,35146,JEEP,牧马人
right,1153877,35147,丰田,雷凌
right,1153878,35148,丰田,雷凌
right,1153854,35149,海马,海马S5
right,1153855,35150,海马,海马S5
right,1153856,35151,海马,海马S5
right,1153857,35152,海马,海马S5
right,1153858,35153,海马,海马S5
right,1153859,35154,海马,海马S5
right,1152895,35156,康迪全球鹰,全球鹰EX3
right,1152896,35157,康迪全球鹰,全球鹰EX3
right,1152897,35158,康迪全球鹰,全球鹰EX3
right,1152899,35164,江淮,瑞风S3
right,1152900,35175,本田,奥德赛
right,1152901,35176,本田,奥德赛
right,1152902,35177,本田,奥德赛
right,1152903,35178,本田,奥德赛
right,1152911,35179,东南,东南DX7
right,1152912,35180,东南,东南DX7
right,1152913,35181,东南,东南DX7
right,1152917,35189,五十铃,五十铃MU-X
right,1152919,35190,五十铃,五十铃MU-X
right,1152920,35191,五十铃,五十铃MU-X
right,1160041,35192,宝骏,宝骏E200
right,1153851,35194,英菲尼迪,英菲尼迪Q60
right,1155667,35196,大众,T-ROC探歌
right,1155668,35197,大众,T-ROC探歌
right,1155669,35199,大众,T-ROC探歌
right,1155673,35201,大众,T-ROC探歌
right,1155609,35205,JEEP,指挥官
right,1153860,35206,海马,海马S5
right,1153862,35207,JEEP,大切诺基
right,1153880,35210,观致,观致5
right,1153881,35211,观致,观致5
right,1153882,35212,观致,观致5
right,1151943,35224,沃尔沃,沃尔沃S60L
right,1151942,35225,沃尔沃,沃尔沃S60L
right,1151941,35226,沃尔沃,沃尔沃S60L
right,1155240,35229,斯威,斯威X7
right,1155238,35237,斯威,斯威X7
right,1155239,35238,斯威,斯威X7
right,1155241,35239,斯威,斯威X7
right,1155242,35240,斯威,斯威X7
right,1155243,35241,斯威,斯威X7
right,1155244,35242,斯威,斯威X7
right,1155245,35243,斯威,斯威X7
right,1155246,35244,斯威,斯威X7
right,1155247,35245,斯威,斯威X7
right,1155605,35247,JEEP,指挥官
right,1155606,35248,JEEP,指挥官
right,1155607,35249,JEEP,指挥官
right,1155608,35250,JEEP,指挥官
right,1151304,35253,福迪,揽福
right,1155670,35260,大众,T-ROC探歌
right,1155628,35261,东风风光,风光580
right,1155629,35262,东风风光,风光580
right,1155619,35263,JEEP,牧马人
right,1155620,35264,JEEP,牧马人
right,1155630,35265,东风风光,风光580
right,1149473,35266,保时捷,保时捷MACAN
right,1149473,35266,保时捷,MACAN
right,1155647,35276,大众,途观L
right,1155671,35278,大众,T-ROC探歌
right,1156926,35281,捷豹,捷豹E-PACE
right,1155648,35283,日产,楼兰
right,1155649,35284,日产,楼兰
right,1155650,35285,日产,楼兰
right,1155651,35286,日产,楼兰
right,1155652,35287,日产,楼兰
right,1155653,35288,日产,楼兰
right,1155645,35289,领克,领克01新能源
right,1151944,35294,沃尔沃,沃尔沃S60L新能源
right,1155654,35295,别克,君威
right,1156925,35298,捷豹,捷豹E-PACE
right,1156665,35314,福特,探险者
right,1156666,35315,福特,探险者
right,1156669,35317,福特,探险者
right,1156668,35318,福特,探险者
right,1156667,35319,福特,探险者
right,1155680,35330,新凯,新凯威霆
right,1156673,35340,开瑞,开瑞K60EV
right,1156989,35350,吉利,缤瑞
right,1156990,35351,吉利,缤瑞
right,1156991,35352,吉利,缤瑞
right,1156992,35353,吉利,缤瑞
right,1156994,35354,吉利,缤瑞
right,1156993,35355,吉利,缤瑞
right,1155706,35356,大众,途安
right,1155707,35357,大众,途安
right,1155708,35358,大众,途安
right,1155709,35359,大众,途安
right,1155703,35360,雷克萨斯,雷克萨斯LX
right,1155704,35361,雷克萨斯,雷克萨斯LX
right,1155705,35362,雷克萨斯,雷克萨斯LX
right,1155710,35363,江淮,江淮IEV7S
right,1160156,35365,东风风神,风神AX7
right,1155713,35366,沃尔沃,沃尔沃V60
right,1157888,35374,威马汽车,威马EX5
right,1157889,35375,威马汽车,威马EX5
right,1157890,35376,威马汽车,威马EX5
right,1156966,35378,本田,雅阁
right,1156967,35379,本田,雅阁
right,1156968,35380,本田,雅阁
right,1156662,35382,现代,索纳塔新能源
right,1156663,35383,现代,索纳塔新能源
right,1157066,35384,现代,逸行
right,1156676,35390,雪铁龙,爱丽舍
right,1156674,35391,开瑞,开瑞K60EV
right,1156962,35395,标致,标致408
right,1156693,35396,江铃集团新能源,江铃E200
right,1156694,35397,江铃集团新能源,江铃E200
right,1156692,35398,江铃集团新能源,江铃E100
right,1156695,35399,江铃集团新能源,江铃E160
right,1156696,35400,江铃集团新能源,江铃E160
right,1156706,35401,野马,野马T70
right,1157031,35410,东风风行,风行T5
right,1156718,35419,大通,D90
right,1160165,35421,哈弗,哈弗F5
right,1157025,35422,东风风行,风行T5
right,1156753,35423,哈弗,哈弗H2S
right,1156754,35424,哈弗,哈弗H2S
right,1156755,35425,哈弗,哈弗H2S
right,1156756,35426,哈弗,哈弗H2S
right,1156757,35427,哈弗,哈弗H2S
right,1156758,35428,哈弗,哈弗H2S
right,1157026,35429,东风风行,风行T5
right,1157027,35430,东风风行,风行T5
right,1157028,35431,东风风行,风行T5
right,1157029,35432,东风风行,风行T5
right,1157030,35433,东风风行,风行T5
right,1157039,35436,雪佛兰,科鲁兹
right,1160071,35439,比亚迪,秦
right,1156940,35440,凯迪拉克,凯迪拉克XT4
right,1156727,35441,大众,途观L
right,1156728,35442,大众,途观L
right,1156729,35443,大众,途观L
right,1156730,35444,大众,途观L
right,1156723,35445,大众,途观L
right,1156724,35446,大众,途观L
right,1156725,35447,大众,途观L
right,1156726,35448,大众,途观L
right,1156731,35449,大众,途观L
right,1156732,35450,大众,途观L
right,1156733,35451,大众,途观L
right,1156979,35454,比亚迪,宋
right,1156780,35458,日产,轩逸
right,1156781,35459,日产,轩逸
right,1156782,35460,日产,轩逸
right,1156783,35461,日产,轩逸
right,1156939,35462,凯迪拉克,凯迪拉克XT4
right,1156965,35466,标致,标致408
right,1157082,35467,大众,凌渡
right,1156963,35470,标致,标致408
right,1156845,35471,起亚,奕跑
right,1156827,35475,日产,奇骏
right,1156828,35476,日产,奇骏
right,1156829,35477,日产,奇骏
right,1156830,35478,日产,奇骏
right,1156831,35479,日产,奇骏
right,1156832,35480,日产,奇骏
right,1156833,35481,日产,奇骏
right,1157046,35490,大众,朗逸
right,1160117,35500,北汽绅宝,绅宝智行
right,1160116,35501,北汽绅宝,绅宝智行
right,1156890,35506,吉利,远景X3
right,1156867,35507,雷克萨斯,雷克萨斯CT
right,1157081,35524,大众,凌渡
right,1157077,35529,大众,凌渡
right,1157078,35530,大众,凌渡
right,1160233,35533,本田,凌派
right,1157079,35555,大众,凌渡
right,1157080,35556,大众,凌渡
right,1157812,35557,卡尔森,卡尔森CCA22
right,1157083,35558,大众,凌渡
right,1157084,35559,大众,凌渡
right,1156977,35565,比亚迪,宋
right,1156984,35566,比亚迪,宋新能源
right,1156924,35567,捷豹,捷豹E-PACE
right,1156896,35569,铃木,维特拉
right,1156897,35570,铃木,维特拉
right,1156937,35573,凯迪拉克,凯迪拉克XT4
right,1156980,35575,比亚迪,宋新能源
right,1156935,35580,凯迪拉克,凯迪拉克XT4
right,1156936,35581,凯迪拉克,凯迪拉克XT4
right,1156938,35582,凯迪拉克,凯迪拉克XT4
right,1156960,35584,标致,标致408
right,1156961,35585,标致,标致408
right,1156964,35586,标致,标致408
right,1157068,35587,起亚,起亚K5新能源
right,1156919,35588,捷豹,捷豹E-PACE
right,1156922,35589,捷豹,捷豹E-PACE
right,1157043,35595,大众,朗逸
right,1157044,35596,大众,朗逸
right,1157045,35597,大众,朗逸
right,1157047,35598,大众,朗逸
right,1157048,35599,大众,朗逸
right,1157049,35604,宝马,宝马X4
right,1156978,35606,比亚迪,宋
right,1156976,35607,比亚迪,宋
right,1156973,35608,比亚迪,宋
right,1156974,35609,比亚迪,宋
right,1156975,35610,比亚迪,宋
right,1156981,35611,比亚迪,宋新能源
right,1156982,35612,比亚迪,宋新能源
right,1156983,35613,比亚迪,宋新能源
right,1156985,35614,比亚迪,宋新能源
right,1156986,35615,比亚迪,宋新能源
right,1156987,35616,比亚迪,宋新能源
right,1157076,35617,启辰,启辰M50V
right,1157042,35619,起亚,起亚KX3
right,1159960,35620,江淮,瑞风S3
right,1157060,35621,宝马,宝马M3
right,1157059,35622,宝马,宝马M4
right,1160115,35633,北汽绅宝,绅宝智行
right,1160112,35634,北汽绅宝,绅宝智行
right,1160113,35635,北汽绅宝,绅宝智行
right,1160114,35636,北汽绅宝,绅宝智行
right,1160126,35637,雪佛兰,沃兰多
right,1157038,35638,雪佛兰,科鲁兹
right,1157064,35639,现代,逸行
right,1157065,35640,现代,逸行
right,1157034,35642,雪佛兰,科鲁兹
right,1157035,35643,雪佛兰,科鲁兹
right,1157036,35644,雪佛兰,科鲁兹
right,1157037,35645,雪佛兰,科鲁兹
right,1157041,35652,起亚,起亚KX3
right,1157055,35653,雪佛兰,探界者
right,1157032,35654,马自达,马自达CX-4
right,1157146,35664,欧拉,欧拉IQ
right,1157148,35665,欧拉,欧拉IQ
right,1157058,35666,宝马,宝马M4
right,1157125,35667,北汽新能源,EC系列
right,1157050,35668,宝马,宝马X4
right,1157051,35669,宝马,宝马X4
right,1157052,35670,宝马,宝马X4
right,1157091,35671,阿尔法罗密欧,GIULIA
right,1157092,35672,阿尔法罗密欧,GIULIA
right,1157093,35673,阿尔法罗密欧,GIULIA
right,1157094,35674,阿尔法罗密欧,GIULIA
right,1157061,35675,宝马,宝马5系新能源
right,1157057,35676,宝马,宝马X1新能源
right,1160032,35678,江淮,瑞风M4
right,1157122,35679,东南,东南DX3新能源
right,1157123,35680,东南,东南DX3新能源
right,1157124,35681,东南,东南DX3新能源
right,1159959,35689,江淮,瑞风S3
right,1157114,35690,大众,夏朗
right,1157117,35691,大众,夏朗
right,1157062,35695,大通,大通EG10
right,1157063,35696,大通,大通EG10
right,1157070,35697,启辰,启辰M50V
right,1157071,35698,启辰,启辰M50V
right,1157072,35699,启辰,启辰M50V
right,1157073,35700,启辰,启辰M50V
right,1157074,35701,启辰,启辰M50V
right,1157075,35702,启辰,启辰M50V
right,1157891,35707,奔驰,奔驰E
right,1157892,35708,奔驰,奔驰E
right,1157895,35709,奔驰,奔驰E
right,1157119,35713,哈弗,哈弗M6
right,1157120,35714,哈弗,哈弗M6
right,1157121,35715,哈弗,哈弗M6
right,1157118,35719,哈弗,哈弗H7
right,1157115,35726,大众,夏朗
right,1157116,35727,大众,夏朗
right,1157143,35736,猎豹,猎豹CS9新能源
right,1157144,35737,猎豹,猎豹CS9新能源
right,1157132,35738,东风风行,菱智
right,1157133,35739,东风风行,菱智
right,1157130,35740,东风风行,菱智
right,1157131,35741,东风风行,菱智
right,1157138,35743,斯巴鲁,斯巴鲁XV
right,1157139,35744,斯巴鲁,斯巴鲁XV
right,1157140,35745,斯巴鲁,斯巴鲁XV
right,1156853,35750,沃尔沃,沃尔沃V90
right,1156854,35751,沃尔沃,沃尔沃V90
right,1156856,35759,沃尔沃,沃尔沃XC90
right,1156860,35760,沃尔沃,沃尔沃XC90
right,1156858,35761,沃尔沃,沃尔沃XC90
right,1156861,35762,沃尔沃,沃尔沃XC90
right,1156859,35763,沃尔沃,沃尔沃XC90
right,1156857,35764,沃尔沃,沃尔沃XC90
right,1156863,35765,沃尔沃,沃尔沃XC90新能源
right,1156862,35766,沃尔沃,沃尔沃XC90新能源
right,1157810,35767,沃尔沃,沃尔沃XC90新能源
right,1157809,35768,沃尔沃,沃尔沃XC90新能源
right,1157784,35769,本田,奥德赛
right,1157785,35770,本田,奥德赛
right,1157875,35774,荣威,荣威RX5
right,1147476,35774,荣威,荣威RX5
right,1157897,35781,奔腾,奔腾B50
right,1157898,35782,奔腾,奔腾B50
right,1160066,35791,比亚迪,秦
right,1160067,35792,比亚迪,秦
right,1160068,35793,比亚迪,秦
right,1160069,35794,比亚迪,秦
right,1160070,35795,比亚迪,秦
right,1157893,35801,奔驰,奔驰E
right,1157894,35802,奔驰,奔驰E
right,1157896,35803,奔驰,奔驰E
right,1157908,35804,奔驰,奔驰E
right,1157909,35805,奔驰,奔驰E
right,1157910,35806,奔驰,奔驰E
right,1157911,35807,奔驰,奔驰E
right,1157912,35808,奔驰,奔驰E
right,1157913,35809,奔驰,奔驰E
right,1157914,35810,奔驰,奔驰E
right,1157915,35811,奔驰,奔驰E
right,1157916,35812,奔驰,奔驰E
right,1157917,35813,奔驰,奔驰E
right,1160169,35819,大众,途锐
right,1160170,35820,大众,途锐
right,1160171,35821,大众,途锐
right,1159940,35822,奔驰,奔驰CLA
right,1159937,35832,奔驰,奔驰CLA
right,1159938,35833,奔驰,奔驰CLA
right,1159939,35834,奔驰,奔驰CLA
right,1159941,35835,奔驰,奔驰CLA
right,1159942,35836,奔驰,奔驰CLA
right,1159943,35851,斯威,斯威X3
right,1159931,35852,奔驰,奔驰S
right,1159953,35853,奔驰,奔驰B
right,1159932,35854,奔驰,奔驰S
right,1159933,35855,奔驰,奔驰S
right,1159954,35856,奔驰,奔驰B
right,1159955,35857,奔驰,奔驰B
right,1159956,35858,奔驰,奔驰B
right,1159957,35859,奔驰,奔驰B
right,1160287,35861,大乘汽车,大乘G70S
right,1159934,35863,奔驰,奔驰GLC
right,1159935,35864,奔驰,奔驰GLC
right,1159936,35865,奔驰,奔驰GLC
right,1160284,35875,大乘汽车,大乘G70S
right,1160285,35876,大乘汽车,大乘G70S
right,1160286,35877,大乘汽车,大乘G70S
right,1160155,35890,东风风神,风神AX7
right,1159986,35894,东风风行,风行T5
right,1159987,35895,东风风行,风行T5
right,1159988,35896,东风风行,风行T5
right,1159989,35897,东风风行,风行T5
right,1160046,35903,斯巴鲁,森林人
right,1160047,35904,斯巴鲁,森林人
right,1160048,35905,斯巴鲁,森林人
right,1160049,35906,斯巴鲁,森林人
right,1160018,35913,斯柯达,昕锐
right,1160019,35914,斯柯达,昕锐
right,1160020,35915,斯柯达,昕锐
right,1159997,35916,江淮,瑞风S7
right,1160021,35917,斯柯达,昕锐
right,1160022,35918,斯柯达,昕锐
right,1160023,35919,斯柯达,昕锐
right,1160056,35935,宝马,宝马3系
right,1160057,35936,宝马,宝马3系
right,1160058,35937,宝马,宝马3系
right,1160059,35938,宝马,宝马3系
right,1160060,35939,宝马,宝马3系
right,1160061,35940,宝马,宝马3系
right,1160062,35941,宝马,宝马3系
right,1160031,35942,江淮,瑞风M4
right,1160024,35943,奔腾,奔腾X40
right,1160025,35944,奔腾,奔腾X40
right,1160026,35945,奔腾,奔腾X40
right,1160027,35946,奔腾,奔腾X40
right,1160028,35947,奔腾,奔腾X40
right,1160029,35948,奔腾,奔腾X40
right,1160030,35949,奔腾,奔腾X40
right,1160033,35952,陆风,陆风X2
right,1160034,35953,陆风,陆风X2
right,1160040,35954,宝骏,宝骏E200
right,1160044,35958,奔腾,奔腾X40新能源
right,1160045,35960,奔腾,奔腾X40新能源
right,1160256,35962,奇瑞,瑞虎7
right,1160257,35963,奇瑞,瑞虎7
right,1160258,35964,奇瑞,瑞虎7
right,1160259,35965,奇瑞,瑞虎7
right,1160260,35966,奇瑞,瑞虎7
right,1160261,35967,奇瑞,瑞虎7
right,1160127,35970,雪佛兰,沃兰多
right,1160128,35971,雪佛兰,沃兰多
right,1160124,35972,东风,俊风E17
right,1160096,35986,斯柯达,明锐
right,1160097,35987,斯柯达,明锐
right,1160098,35988,斯柯达,明锐
right,1160094,35989,斯柯达,明锐
right,1160099,35990,斯柯达,明锐
right,1160100,35991,斯柯达,明锐
right,1160095,35992,斯柯达,明锐
right,1160101,35993,斯柯达,明锐
right,1160102,35994,斯柯达,明锐
right,1160149,36013,广汽传祺,传祺GS4
right,1160152,36014,广汽传祺,传祺GS4
right,1160153,36015,广汽传祺,传祺GS4
right,1160154,36016,广汽传祺,传祺GS4
right,1160150,36017,广汽传祺,传祺GS4
right,1160151,36018,广汽传祺,传祺GS4
right,1160229,36023,本田,凌派
right,1160230,36024,本田,凌派
right,1160231,36025,本田,凌派
right,1160232,36026,本田,凌派
right,1160142,36027,福特,锐界
right,1160158,36030,丰田,RAV4
right,1160157,36031,丰田,RAV4
right,1160133,36032,日产,轩逸
right,1160134,36033,日产,轩逸
right,1160135,36034,日产,轩逸
right,1160172,36038,东风风行,菱智
right,1160173,36039,东风风行,菱智
right,1160167,36040,英致,英致737EV
right,1160168,36041,英致,英致737EV
right,1160174,36042,别克,威朗
right,1160175,36043,别克,威朗
right,1160176,36044,别克,威朗
right,1160177,36045,别克,威朗
right,1160178,36046,别克,威朗
right,1160179,36047,东风风光,风光580
right,1160163,36048,哈弗,哈弗F5
right,1160164,36049,哈弗,哈弗F5
right,1160298,36051,奔驰,奔驰GLC
right,1160299,36052,奔驰,奔驰GLC
right,1160300,36053,奔驰,奔驰GLC
right,1160255,36055,凯翼,凯翼E3
right,1160264,36059,哈弗,哈弗H2
right,1160265,36060,哈弗,哈弗H2
right,1160266,36061,哈弗,哈弗H2
right,1160267,36062,哈弗,哈弗H2
right,1160268,36063,哈弗,哈弗H2
right,1160269,36064,哈弗,哈弗H2
right,1160270,36065,哈弗,哈弗H2
right,1160271,36066,哈弗,哈弗H2
right,1160272,36067,哈弗,哈弗H2
right,1160273,36068,哈弗,哈弗H2
right,1160301,36075,日产,轩逸
right,1160303,36076,日产,轩逸
right,1160305,36077,日产,轩逸
right,1160302,36078,日产,轩逸
right,1160304,36079,日产,轩逸
right,1160306,36080,日产,轩逸
right,1160307,36081,日产,轩逸
right,1160308,36082,日产,轩逸
right,1160288,36083,英菲尼迪,英菲尼迪QX30
right,1160289,36084,英菲尼迪,英菲尼迪QX30
right,6542,3663,丰田,卡罗拉
right,11785,3726,凯迪拉克,凯迪拉克CTS
right,11784,3735,凯迪拉克,凯迪拉克CTS
right,5333,5291,东风风行,景逸
right,1372,5790,宝马,宝马X6
right,1373,5791,宝马,宝马X6
right,1151038,6794,猎豹,飞腾
right,1151036,6795,猎豹,飞腾
right,1151035,6796,猎豹,飞腾
right,1151037,6799,猎豹,飞腾
right,1837,6801,比亚迪,福莱尔
right,1151051,761,雷克萨斯,雷克萨斯IS
right,200,854,奥迪,奥迪A4
right,1151186,8750,福田,迷迪
right,5377,9765,东南,V3菱悦
right,1156933,33421,斯威,SWM斯威G01
right,1156927,35037,斯威,SWM斯威G01
right,1156928,35038,斯威,SWM斯威G01
right,1156929,35039,斯威,SWM斯威G01
right,1156930,35040,斯威,SWM斯威G01
right,1156931,35041,斯威,SWM斯威G01
right,1156934,35042,斯威,SWM斯威G01
right,1156932,35043,斯威,SWM斯威G01
right,1151155,1001469,金龙联合,金龙金威
right,1145945,1002206,金龙联合,开沃D11
right,1146057,1002732,金龙联合,凯特
right,1146058,1002733,金龙联合,凯特
right,1145949,1003089,金龙联合,开沃D11
right,1145942,1003090,金龙联合,开沃D11
right,1145946,1003091,金龙联合,开沃D11
right,1145940,1003092,金龙联合,开沃D11
right,1145951,1003093,金龙联合,开沃D11
right,1145944,1003094,金龙联合,开沃D11
right,1145952,1003095,金龙联合,开沃D11
right,1145948,1003096,金龙联合,开沃D11
right,1145936,1003097,金龙联合,开沃D11
right,1145937,1003098,金龙联合,开沃D11
right,1145938,1003099,金龙联合,开沃D11
right,1145934,1003100,金龙联合,开沃D11
right,1145939,1003101,金龙联合,开沃D11
right,1145935,1003102,金龙联合,开沃D11
right,1145953,1003103,金龙联合,开沃D11
right,1145950,1003104,金龙联合,开沃D11
right,1145943,1003105,金龙联合,开沃D11
right,1145947,1003106,金龙联合,开沃D11
right,1145941,1003107,金龙联合,开沃D11
right,1156813,1004585,福田,拓陆者
right,1156812,1004586,福田,拓陆者
right,1156811,1004587,福田,拓陆者
right,1156810,1004588,福田,拓陆者
right,1156809,1004589,福田,拓陆者
right,1156808,1004590,福田,拓陆者
right,1156807,1004591,福田,拓陆者
right,1156794,1004592,福田,拓陆者
right,1156806,1004593,福田,拓陆者
right,1156805,1004619,福田,拓陆者
right,1156804,1004620,福田,拓陆者
right,1156803,1004621,福田,拓陆者
right,1156802,1004622,福田,拓陆者
right,1156817,1004623,福田,拓陆者
right,1156816,1004624,福田,拓陆者
right,1156815,1004625,福田,拓陆者
right,1156814,1004626,福田,拓陆者
right,1156801,1004892,福田,拓陆者
right,1156800,1004893,福田,拓陆者
right,1160223,1005747,金龙联合,开沃D07
right,1160234,1005748,金龙联合,开沃D08
right,1160246,1005749,金龙联合,开沃D09
right,1160235,1005750,金龙联合,开沃D10
right,1145933,1005751,金龙联合,开沃D11
right,1147357,1006145,长安商用,神骐T20
right,1147358,1006146,长安商用,神骐T20
right,1147370,1006147,长安商用,神骐T20
right,1147369,1006148,长安商用,神骐T20
right,1147359,1006149,长安商用,神骐T20
right,1147360,1006150,长安商用,神骐T20
right,1147372,1006151,长安商用,神骐T20
right,1147371,1006152,长安商用,神骐T20
right,1147361,1006153,长安商用,神骐T20
right,1147362,1006154,长安商用,神骐T20
right,1147373,1006155,长安商用,神骐T20
right,1147374,1006156,长安商用,神骐T20
right,1147375,1006157,长安商用,神骐T20
right,1147376,1006158,长安商用,神骐T20
right,1147363,1006159,长安商用,神骐T20
right,1147364,1006160,长安商用,神骐T20
right,1147377,1006161,长安商用,神骐T20
right,1147378,1006162,长安商用,神骐T20
right,1147365,1006163,长安商用,神骐T20
right,1147366,1006164,长安商用,神骐T20
right,1147379,1006165,长安商用,神骐T20
right,1147380,1006166,长安商用,神骐T20
right,1147381,1006167,长安商用,神骐T20
right,1147382,1006168,长安商用,神骐T20
right,1147383,1006169,长安商用,神骐T20
right,1147384,1006170,长安商用,神骐T20
right,1147368,1006171,长安商用,神骐T20
right,1147367,1006172,长安商用,神骐T20
right,1147388,1006219,长安商用,睿行M70
right,1147389,1006220,长安商用,睿行M70
right,1147390,1006221,长安商用,睿行M70
right,1147391,1006222,长安商用,睿行M70
right,1147392,1006223,长安商用,睿行M70
right,1147393,1006224,长安商用,睿行M70
right,1147394,1006225,长安商用,睿行M70
right,1147395,1006226,长安商用,睿行M70
right,1147396,1006227,长安商用,睿行M70
right,1160215,1006292,金龙联合,凯锐浩克
right,1160222,1006305,金龙联合,凯锐浩克
right,1160221,1006306,金龙联合,凯锐浩克
right,1160214,1006307,金龙联合,凯锐浩克
right,1160220,1006308,金龙联合,凯锐浩克
right,1160219,1006309,金龙联合,凯锐浩克
right,1160218,1006310,金龙联合,凯锐浩克
right,1160217,1006311,金龙联合,凯锐浩克
right,1160216,1006312,金龙联合,凯锐浩克
right,1150793,1006313,金龙联合,凯特
right,1150792,1006314,金龙联合,凯特
right,1150791,1006315,金龙联合,凯特
right,1150796,1006316,金龙联合,凯特
right,1150795,1006317,金龙联合,凯特
right,1150794,1006318,金龙联合,凯特
right,1150913,1006386,一汽红塔,蓝舰T340
right,1150917,1006387,一汽红塔,蓝舰T340
right,1150912,1006388,一汽红塔,蓝舰T340
right,1150916,1006389,一汽红塔,蓝舰T340
right,1150911,1006390,一汽红塔,蓝舰T340
right,1150915,1006391,一汽红塔,蓝舰T340
right,1150914,1006392,一汽红塔,蓝舰T340
right,1150918,1006393,一汽红塔,蓝舰T340
right,1151957,1006579,长安商用,神骐T20
right,1151955,1006580,长安商用,神骐T20
right,1151956,1006582,长安商用,神骐T20
right,1151952,1006583,长安商用,神骐T20
right,1151954,1006584,长安商用,神骐T20
right,1151953,1006585,长安商用,神骐T20
right,1151958,1006586,长安商用,神骐T20
right,1151959,1006587,长安商用,神骐T20
right,1151960,1006588,长安商用,神骐T20
right,1151961,1006589,长安商用,神骐T20
right,1151962,1006590,长安商用,神骐T20
right,1151963,1006591,长安商用,神骐T20
right,1151947,1006592,长安商用,神骐F30
right,1151947,1006592,长安欧尚,神骐F30
right,1151949,1006593,长安商用,神骐F30
right,1151949,1006593,长安欧尚,神骐F30
right,1151951,1006594,长安商用,神骐F30
right,1151951,1006594,长安欧尚,神骐F30
right,1151946,1006595,长安商用,神骐F30
right,1151946,1006595,长安欧尚,神骐F30
right,1151948,1006596,长安商用,神骐F30
right,1151948,1006596,长安欧尚,神骐F30
right,1151950,1006597,长安商用,神骐F30
right,1151950,1006597,长安欧尚,神骐F30
right,1156675,1006674,长安商用,睿行M90
right,1156675,1006674,长安欧尚,睿行M90
right,1156872,1006683,长安商用,神骐T20
right,1156873,1006684,长安商用,神骐T20
right,1157799,1006726,福田,拓陆者
right,1157798,1006727,福田,拓陆者
right,1157797,1006728,福田,拓陆者
right,1157796,1006729,福田,拓陆者
right,1157795,1006730,福田,拓陆者
right,1157794,1006731,福田,拓陆者
right,1157793,1006732,福田,拓陆者
right,1157792,1006733,福田,拓陆者
right,1157804,1006734,福田,拓陆者
right,1157803,1006735,福田,拓陆者
right,1157802,1006736,福田,拓陆者
right,1157801,1006737,福田,拓陆者
right,1157800,1006738,福田,拓陆者
right,1157807,1006741,福田,拓陆者
right,1157806,1006742,福田,拓陆者
right,1157790,1006743,福田,拓陆者
right,1157805,1006744,福田,拓陆者
right,1157791,1006745,福田,拓陆者
right,1157808,1006746,福田,拓陆者
right,1157837,1006755,福田,拓陆者
right,1157838,1006756,福田,拓陆者
right,1157835,1006757,福田,拓陆者
right,1157836,1006758,福田,拓陆者
right,1157833,1006759,福田,拓陆者
right,1157834,1006760,福田,拓陆者
right,1157831,1006761,福田,拓陆者
right,1157832,1006762,福田,拓陆者
right,1157882,1006763,福田,拓陆者
right,1157883,1006764,福田,拓陆者
right,1157880,1006765,福田,拓陆者
right,1157881,1006766,福田,拓陆者
right,1157878,1006767,福田,拓陆者
right,1157879,1006768,福田,拓陆者
right,1157876,1006769,福田,拓陆者
right,1157877,1006770,福田,拓陆者
right,1157840,1006771,福田,拓陆者
right,1157839,1006772,福田,拓陆者
right,1157886,1006774,福田,拓陆者
right,1157885,1006775,福田,拓陆者
right,1157884,1006776,福田,拓陆者
right,1157887,1006777,福田,拓陆者
right,1160226,1006822,金龙联合,开沃D07
right,1160225,1006823,金龙联合,开沃D07
right,1160224,1006824,金龙联合,开沃D07
right,1160036,1006831,长安商用,睿行M90
right,1160036,1006831,长安欧尚,睿行M90
right,1160144,1006832,福田,拓陆者
right,1160146,1006833,福田,拓陆者
right,1160145,1006834,福田,拓陆者
right,1160147,1006835,福田,拓陆者
right,1160148,1006836,福田,拓陆者
right,1160143,1006837,福田,拓陆者
right,1160206,1006856,长安商用,神骐F30
right,1160206,1006856,长安欧尚,神骐F30
right,1160207,1006857,长安商用,神骐F30
right,1160207,1006857,长安欧尚,神骐F30
right,1160209,1006858,长安商用,神骐F30
right,1160209,1006858,长安欧尚,神骐F30
right,1160208,1006859,长安商用,神骐F30
right,1160208,1006859,长安欧尚,神骐F30
right,1160203,1006860,长安商用,神骐F30
right,1160203,1006860,长安欧尚,神骐F30
right,1160204,1006861,长安商用,神骐F30
right,1160204,1006861,长安欧尚,神骐F30
right,1160205,1006862,长安商用,神骐F30
right,1160205,1006862,长安欧尚,神骐F30
right,1160200,1006863,长安商用,神骐F30
right,1160200,1006863,长安欧尚,神骐F30
right,1160201,1006864,长安商用,神骐F30
right,1160201,1006864,长安欧尚,神骐F30
right,1160202,1006865,长安商用,神骐F30
right,1160202,1006865,长安欧尚,神骐F30
right,1151149,18488,长安轿车,长安CS75
right,1151150,18489,长安轿车,长安CS75
right,1151151,18490,长安轿车,长安CS75
right,1151152,18491,长安轿车,长安CS75
right,1151153,18492,长安轿车,长安CS75
right,1151154,18493,长安轿车,长安CS75
right,1143832,29471,云度新能源,云度Π1
right,1145932,30278,三菱,祺智PHEV
right,1142589,30781,长安轿车,睿骋CC
right,1143829,31955,云度新能源,云度Π1
right,1143830,31956,云度新能源,云度Π1
right,1143831,31957,云度新能源,云度Π1
right,1147133,32264,长安轿车,逸动DT
right,1142594,32966,长安轿车,睿骋CC
right,1142590,33022,长安轿车,睿骋CC
right,1142595,33097,长安轿车,睿骋CC
right,1142593,33098,长安轿车,睿骋CC
right,1142592,33099,长安轿车,睿骋CC
right,1142591,33100,长安轿车,睿骋CC
right,1145931,33130,三菱,祺智PHEV
right,1142315,33138,吉利帝豪,帝豪GL
right,1156958,33316,长安轿车,逸动XT
right,1147129,33686,长安轿车,逸动DT
right,1147127,33736,长安轿车,逸动DT
right,1147130,33862,长安轿车,逸动DT
right,1147154,33867,云度新能源,云度Π3
right,1147152,33931,云度新能源,云度Π3
right,1147128,33992,长安轿车,逸动DT
right,1147131,33993,长安轿车,逸动DT
right,1147132,33994,长安轿车,逸动DT
right,1147125,33995,长安轿车,逸动DT
right,1147126,33996,长安轿车,逸动DT
right,1147153,34059,云度新能源,云度Π3
right,1150666,34327,北汽,BJ40
right,1156716,34383,前途汽车,前途K50
right,1150663,34416,北汽,BJ40
right,1155632,34433,东风风度,帅客新能源
right,1150662,34562,北汽,BJ80
right,1150934,34660,吉利帝豪,帝豪GSE
right,1150664,34772,北汽,BJ40
right,1150665,34773,北汽,BJ40
right,1150932,34837,吉利帝豪,帝豪GSE
right,1150933,34838,吉利帝豪,帝豪GSE
right,1156752,34880,长安轿车,悦翔
right,1150931,34914,吉利帝豪,帝豪GSE
right,1151070,34920,广汽传祺,传祺GE3
right,1150959,34929,御捷新能源,御捷E行
right,1150875,34929,御捷新能源,御捷E行
right,1151174,35034,江铃,驭胜S350
right,1151175,35035,江铃,驭胜S350
right,1151176,35036,江铃,驭胜S350
right,1156701,35138,三菱,祺智PHEV
right,1156702,35139,三菱,祺智PHEV
right,1156772,35216,捷途汽车,捷途X70
right,1156773,35217,捷途汽车,捷途X70
right,1156774,35218,捷途汽车,捷途X70
right,1156775,35219,捷途汽车,捷途X70
right,1156776,35220,捷途汽车,捷途X70
right,1156777,35221,捷途汽车,捷途X70
right,1156778,35222,捷途汽车,捷途X70
right,1156779,35223,捷途汽车,捷途X70
right,1156747,35227,长安轿车,悦翔
right,1156748,35233,长安轿车,悦翔
right,1156749,35234,长安轿车,悦翔
right,1156750,35235,长安轿车,悦翔
right,1156751,35236,长安轿车,悦翔
right,1155631,35277,东风风度,帅客新能源
right,1159921,35279,长安轿车,长安CS55
right,1155657,35299,云度新能源,云度Π1
right,1155658,35300,云度新能源,云度Π1
right,1155655,35301,云度新能源,云度Π1
right,1155656,35302,云度新能源,云度Π1
right,1155659,35303,云度新能源,云度Π3
right,1155660,35304,云度新能源,云度Π3
right,1155661,35305,云度新能源,云度Π3
right,1155662,35306,云度新能源,云度Π3
right,1156952,35308,长安轿车,逸动XT
right,1156953,35309,长安轿车,逸动XT
right,1156954,35310,长安轿车,逸动XT
right,1156955,35311,长安轿车,逸动XT
right,1156956,35312,长安轿车,逸动XT
right,1156957,35313,长安轿车,逸动XT
right,1159920,35469,长安轿车,长安CS55
right,1156824,35473,长安轿车,长安CS75
right,1156825,35474,长安轿车,长安CS75
right,1156837,35483,长安轿车,睿骋CC
right,1156838,35484,长安轿车,睿骋CC
right,1156839,35485,长安轿车,睿骋CC
right,1156840,35486,长安轿车,睿骋CC
right,1156841,35487,长安轿车,睿骋CC
right,1156842,35488,长安轿车,睿骋CC
right,1156901,35560,广汽传祺,传祺GE3
right,1156898,35562,广汽传祺,传祺GE3
right,1156899,35563,广汽传祺,传祺GE3
right,1156900,35564,广汽传祺,传祺GE3
right,1159900,35594,广汽新能源,广汽IX4
right,1159901,35603,广汽新能源,广汽IX4
right,1157776,35754,福田,萨瓦纳
right,1157777,35755,福田,萨瓦纳
right,1157873,35783,福田,萨瓦纳
right,1159913,35823,长安轿车,长安CS55
right,1159914,35824,长安轿车,长安CS55
right,1159915,35825,长安轿车,长安CS55
right,1159916,35826,长安轿车,长安CS55
right,1159917,35827,长安轿车,长安CS55
right,1159918,35828,长安轿车,长安CS55
right,1159919,35829,长安轿车,长安CS55
right,1160084,35921,长安轿车,逸动
right,1160085,35922,长安轿车,逸动
right,1160086,35923,长安轿车,逸动
right,1160087,35924,长安轿车,逸动
right,1160092,35925,长安轿车,逸动
right,1160088,35926,长安轿车,逸动
right,1160089,35927,长安轿车,逸动
right,1160090,35928,长安轿车,逸动
right,1160091,35929,长安轿车,逸动
right,1160093,35930,长安轿车,逸动
right,1160160,35983,广汽传祺,传祺GS4新能源
right,1160159,35996,广汽传祺,传祺GS4新能源
right,1160210,36056,长安商用,睿行S50
right,1160210,36056,长安欧尚,睿行S50
right,1160211,36057,长安商用,睿行S50
right,1160211,36057,长安欧尚,睿行S50
right,1160212,36058,长安商用,睿行S50
right,1160212,36058,长安欧尚,睿行S50
